Workbook

Sheet 1_Исходные данные
A1: ПРИВЕДЁННЫЕ ЗАТРАТЫ — ЗАМЕНА ПРОВОДА ВЛ 6-10 кВ | ИСХОДНЫЕ ДАННЫЕ
A2: Заполни синие ячейки (К_уд вводится в руб/км, итог К = К_уд × L считается автоматически). Потери ΔWлин — из расчёта режимов (РАП, Fazonord и др.).
B3: ПАРАМЕТР | C3: ВАРИАНТ 1 (исходное состояние) | D3: ВАРИАНТ 2 (новое сечение) | E3: ВАРИАНТ 3 (альт. сечение) | F3: Ед. / примечание
A4: ОБЪЕКТ И ЛИНИЯ
B5: Подстанция / фидер | C5: Вороново / Ф-29 | D5: Вороново / Ф-29 | E5: Вороново / Ф-29 | F5: текст
B6: Длина заменяемого участка, км | C6: 10.8 | D6: 10.8 | E6: 10.8 | F6: км
A7: ПРОВОД
B8: Марка / сечение провода | C8: АС-35 | D8: АС-70 | E8: АС-95 | F8: исходный → новый
A10: ПОТЕРИ ЭЛЕКТРОЭНЕРГИИ В ЛИНИИ — ПРЯМОЙ ВВОД ИЗ РАСЧЁТА РЕЖИМОВ
A11: ▼ ΔWлин берётся из РАП / Fazonord / таблицы потерь — не считается по формуле
B12: Годовые потери в линии ΔWлин, тыс. кВт·ч/год | C12: 129.709 | D12: 86.581 | E12: 66.426 | F12: Из расчёта режимов: В1 = исходное, В2/В3 = новое сечение
A14: ТАРИФ И КАПИТАЛЬНЫЕ ЗАТРАТЫ
B15: Тариф э/э Цэ, руб/кВт·ч | C15: 0.3037 | D15: 0.3037 | E15: 0.3037 | F15: руб/кВт·ч
B16: Удельные кап. затраты К_уд, руб/км | C16: 0 | D16: 131000 | E16: 138000 | F16: В1: сущ. линия = 0 В2/В3: стоимость замены на 1 км (провод + опоры + работы)
B17: Итого кап. затраты К = К_уд × L, руб. | C17: =C16*C6 -> 0 | D17: =D16*D6 -> 1414800 | E17: =E16*E6 -> 1490400 | F17: Расчётная: К_уд × длина
A18: НОРМАТИВЫ ЭКСПЛУАТАЦИИ И ЭФФЕКТИВНОСТИ
B19: Норма амортизации αам, % | C19: 2.8 | D19: 2.8 | E19: 2.8 | F19: % от К/год. ВЛ 6-10 кВ ≈ 2.5–3.5%
B20: Норма ТО и ремонтов αобс, % | C20: 1.5 | D20: 1.5 | E20: 1.5 | F20: % от К/год. Обычно 1.0–2.0%
B21: Норм. коэф. эффективности Ен | C21: 0.12 | D21: 0.12 | E21: 0.12 | F21: РБ/СНГ: 0.10–0.15 Тн = 1/Ен = 8.3 лет

Sheet 2_Расчёт
A1: РАСЧЁТ ПРИВЕДЁННЫХ ЗАТРАТ — ЗАМЕНА ПРОВОДА ВЛ 6-10 кВ
A2: З = Ен·К + И | И = Иам + Иобс + Ипот | Ипот = ΔWлин × Цэ | К = К_уд × L
B3: Показатель | C3: ВАРИАНТ 1 (исходн. провод) | D3: ВАРИАНТ 2 (новый провод) | E3: ВАРИАНТ 3 (альт. сечение) | F3: Ед. изм.
A4: 1. ИСХОДНЫЕ ПАРАМЕТРЫ (из листа «1_Исходные данные»)
B5: Длина линии L, км | C5: ='1_Исходные данные'!C6 -> 10.8 | D5: ='1_Исходные данные'!D6 -> 10.8 | E5: ='1_Исходные данные'!E6 -> 10.8 | F5: км
B6: Марка провода | C6: ='1_Исходные данные'!C8 -> АС-35 | D6: ='1_Исходные данные'!D8 -> АС-70 | E6: ='1_Исходные данные'!E8 -> АС-95 | F6: —
B7: Тариф Цэ, руб/кВт·ч | C7: ='1_Исходные данные'!C15 -> 0.3037 | D7: ='1_Исходные данные'!D15 -> 0.3037 | E7: ='1_Исходные данные'!E15 -> 0.3037 | F7: руб/кВт·ч
B8: Удельные кап. затраты К_уд, руб/км | C8: ='1_Исходные данные'!C16 -> 0 | D8: ='1_Исходные данные'!D16 -> 131000 | E8: ='1_Исходные данные'!E16 -> 138000 | F8: руб/км
B9: Итого кап. затраты К = К_уд × L, руб. | C9: =C8*C5 -> 0 | D9: =D8*D5 -> 1414800 | E9: =E8*E5 -> 1490400 | F9: руб.
B10: Норм. коэф. эффективности Ен | C10: ='1_Исходные данные'!C21 -> 0.12 | D10: ='1_Исходные данные'!D21 -> 0.12 | E10: ='1_Исходные данные'!E21 -> 0.12 | F10: —
A11: 2. ПОТЕРИ ЭЛЕКТРОЭНЕРГИИ (из расчёта режимов, прямой ввод)
B12: ΔWлин, тыс. кВт·ч/год (введённое значение) | C12: ='1_Исходные данные'!C12 -> 129.709 | D12: ='1_Исходные данные'!D12 -> 86.581 | E12: ='1_Исходные данные'!E12 -> 66.426 | F12: тыс.кВт·ч/год
B13: ΔWлин, кВт·ч/год (= тыс.кВт·ч × 1000) | C13: =C12*1000 -> 129709 | D13: =D12*1000 -> 86581 | E13: =E12*1000 -> 66426 | F13: кВт·ч/год
B14: Снижение потерь ΔΔWлин = ΔW(В1) − ΔW(Вx), кВт·ч/год | C14: — | D14: =C13-D13 -> 43128 | E14: =C13-E13 -> 63283 | F14: кВт·ч/год
A15: 3. ЕЖЕГОДНЫЕ ИЗДЕРЖКИ И = Иам + Иобс + Ипот
B16: Амортизация Иам = αам × К, руб./год | C16: =C9*'1_Исходные данные'!C19/100 -> 0 | D16: =D9*'1_Исходные данные'!D19/100 -> 39614.4 | E16: =E9*'1_Исходные данные'!E19/100 -> 41731.2 | F16: руб./год
B17: Обслуживание Иобс = αобс × К, руб./год | C17: =C9*'1_Исходные данные'!C20/100 -> 0 | D17: =D9*'1_Исходные данные'!D20/100 -> 21222 | E17: =E9*'1_Исходные данные'!E20/100 -> 22356 | F17: руб./год
B18: Стоимость потерь Ипот = ΔWлин × Цэ, руб./год | C18: =C13*C7 -> 39392.623 | D18: =D13*D7 -> 26294.65 | E18: =E13*E7 -> 20173.576 | F18: руб./год
B19: ИТОГО ИЗДЕРЖКИ И, руб./год | C19: =C16+C17+C18 -> 39392.623 | D19: =D16+D17+D18 -> 87131.05 | E19: =E16+E17+E18 -> 84260.776 | F19: руб./год
A20: 4. ПРИВЕДЁННЫЕ ЗАТРАТЫ З = Ен × К + И
B21: Ен × К, руб./год | C21: =C10*C9 -> 0 | D21: =D10*D9 -> 169776 | E21: =E10*E9 -> 178848 | F21: руб./год
B22: ★ ПРИВЕДЁННЫЕ ЗАТРАТЫ З = Ен·К + И, руб./год | C22: =C21+C19 -> 39392.623 | D22: =D21+D19 -> 256907.05 | E22: =E21+E19 -> 263108.78 | F22: руб./год
B23: Разность ΔЗ = З(В1) − З(Вx), руб./год | C23: — | D23: =C22-D22 -> -217514.43 | E23: =C22-E22 -> -223716.15 | F23: руб./год
A24: 5. СРОК ОКУПАЕМОСТИ
B25: Годовая экономия на потерях Эпот = ΔΔW × Цэ, руб./год | C25: — | D25: =D14*D7 -> 13097.974 | E25: =E14*E7 -> 19219.047 | F25: руб./год
B26: ★ ПРОСТОЙ СРОК ОКУПАЕМОСТИ Ток = К / Эпот, лет | C26: — | D26: =IF(D25>0,D9/D25,0) -> 108.01671 | E26: =IF(E25>0,E9/E25,0) -> 77.548069 | F26: лет
B27: Нормативный срок Тн = 1/Ен, лет | C27: =1/C10 -> 8.3333333 | D27: =1/D10 -> 8.3333333 | E27: =1/E10 -> 8.3333333 | F27: лет
A29: СВОДНАЯ ТАБЛИЦА
B30: Удельные кап. затраты К_уд, руб/км | C30: =C8 -> 0 | D30: =D8 -> 131000 | E30: =E8 -> 138000 | F30: руб/км
B31: Итого кап. затраты К = К_уд × L, руб. | C31: =C9 -> 0 | D31: =D9 -> 1414800 | E31: =E9 -> 1490400 | F31: руб.
B32: Потери ΔWлин, тыс. кВт·ч/год | C32: =C12 -> 129.709 | D32: =D12 -> 86.581 | E32: =E12 -> 66.426 | F32: тыс.кВт·ч/год
B33: Снижение потерь ΔΔW, тыс. кВт·ч/год | C33: — | D33: =D14/1000 -> 43.128 | E33: =E14/1000 -> 63.283 | F33: тыс.кВт·ч/год
B34: Стоимость потерь Ипот, руб./год | C34: =C18 -> 39392.623 | D34: =D18 -> 26294.65 | E34: =E18 -> 20173.576 | F34: руб./год
B35: Общие издержки И, руб./год | C35: =C19 -> 39392.623 | D35: =D19 -> 87131.05 | E35: =E19 -> 84260.776 | F35: руб./год
B36: ПРИВЕДЁННЫЕ ЗАТРАТЫ З, руб./год | C36: =C22 -> 39392.623 | D36: =D22 -> 256907.05 | E36: =E22 -> 263108.78 | F36: руб./год
B37: Срок окупаемости Ток, лет | C37: — | D37: =IF(D25>0,ROUND(D9/D25,1),"—") -> 108 | E37: =IF(E25>0,ROUND(E9/E25,1),"—") -> 77.5 | F37: лет

Sheet 3_Комментарии
A1: РЕЗУЛЬТАТЫ И КОММЕНТАРИИ
A2: Данные подтягиваются автоматически из листа «2_Расчёт»
A3: ПОТЕРИ ЭЛЕКТРОЭНЕРГИИ
B4: Потери В1 (исх.), тыс. кВт·ч/год | C4: ='2_Расчёт'!C12&" тыс. кВт·ч/год" -> 129,709 тыс. кВт·ч/год
B5: Потери В2 (новый), тыс. кВт·ч/год | C5: ='2_Расчёт'!D12&" тыс. кВт·ч/год" -> 86,581 тыс. кВт·ч/год
B6: Снижение потерь ΔΔW (В2), тыс. кВт·ч/год | C6: =ROUND('2_Расчёт'!D14/1000,3)&" тыс. кВт·ч/год" -> 43,128 тыс. кВт·ч/год
B7: Экономия на потерях (В2), руб./год | C7: =ROUND('2_Расчёт'!D25,0)&" руб./год" -> 13098 руб./год
A9: ПРИВЕДЁННЫЕ ЗАТРАТЫ И СРОК ОКУПАЕМОСТИ
B10: Приведённые затраты В1, руб./год | C10: =ROUND('2_Расчёт'!C22,0)&" руб./год" -> 39393 руб./год
B11: Приведённые затраты В2, руб./год | C11: =ROUND('2_Расчёт'!D22,0)&" руб./год" -> 256907 руб./год
B12: Разность ΔЗ = З₁−З₂, руб./год | C12: =ROUND('2_Расчёт'!D23,0)&" руб./год" -> -217514 руб./год
B13: Срок окупаемости Ток (В2), лет | C13: =IFERROR(ROUND('2_Расчёт'!D26,1)&" лет",'2_Расчёт'!D26) -> 108 лет
B14: Нормативный срок Тн, лет | C14: =ROUND('2_Расчёт'!D27,1)&" лет" -> 8,3 лет
B15: ★ ВЫВОД В2 | C15: ='2_Расчёт'!#REF! -> #REF!
A17: ❓ Почему ΔЗ отрицательное?
B18: ΔЗ = З₁ − З₂. Если З₂ > З₁ — результат отрицательный. Это означает: приведённые затраты нового варианта ВЫШЕ из-за больших капвложений. Это НЕ значит «нет экономии» — потери реально снижаются. Просто инвестиции велики.
A20: 📊 Что означает Ток > Тн?
B21: Ток = К / Эпот — сколько лет потребуется чтобы экономия на потерях «отбила» капвложения. Тн = 1/Ен = 8.3 года — нормативный предел окупаемости. Если Ток >> Тн — замена оправдана не экономикой потерь, а другими факторами (см. ниже).
A23: ✅ Когда замена всё равно обоснована?
B24: 1. Нормативный износ — провод старше 40 лет, обязательная замена по регламенту. 2. Пропускная способность — ток нагрузки растёт, старое сечение не обеспечивает режим. 3. Надёжность — высокая аварийность, потери от недоотпуска превышают экономию на потерях. 4. Совокупный эффект — добавить стоимость аварийных ремонтов и штрафов за недоотпуск.
A26: 💡 Как ввести данные по нескольким фидерам?
B27: В текущем файле — один фидер. Если нужно сравнить несколько фидеров или сечений (как в таблице Вороново Ф-29: сечение 70 и 95) — скопируй лист «1_Исходные данные» и «2_Расчёт» для каждого варианта, или попроси сделать сводную таблицу по вариантам.
A29: ВАРИАНТ 3 — РЕЗУЛЬТАТЫ
B30: Потери В3, тыс. кВт·ч/год | C30: ='2_Расчёт'!E12&" тыс. кВт·ч/год" -> 66,426 тыс. кВт·ч/год
B31: Снижение потерь ΔΔW (В1→В3), тыс. кВт·ч/год | C31: =ROUND('2_Расчёт'!E14/1000,3)&" тыс. кВт·ч/год" -> 63,283 тыс. кВт·ч/год
B32: Экономия на потерях (В3), руб./год | C32: =ROUND('2_Расчёт'!E25,0)&" руб./год" -> 19219 руб./год
B33: Приведённые затраты В3, руб./год | C33: =ROUND('2_Расчёт'!E22,0)&" руб./год" -> 263109 руб./год
B34: Разность ΔЗ = З₁−З₃, руб./год | C34: =ROUND('2_Расчёт'!E23,0)&" руб./год" -> -223716 руб./год
B35: Срок окупаемости Ток (В3), лет | C35: =IFERROR(ROUND('2_Расчёт'!E26,1)&" лет",'2_Расчёт'!E26) -> 77,5 лет
B36: ★ ВЫВОД В3 | C36: ='2_Расчёт'!#REF! -> #REF!
